Select the more realistic one,Select the more realistic one,Select the more realistic one,Select the more realistic one,Select the more realistic one,Select the more realistic one,Select the more realistic one,Select the more realistic one,Select the more realistic one,Select the more realistic one,Select the more realistic one,Select the more realistic one
Mai,Alyssa,Autumn,Paige,Marie,Skye,Beverly,Caitlyn,Eliza,Lucy,Daria,Divya
Taylor,Alyssa,Autumn,Paige,Marie,Faye,Beverly,Courtney,Eliza,Lucy,Daria,Fatima
Taylor,Alyssa,Eva,Nora,Marie,Skye,Avery,Caitlyn,Eliza,Lucy,Dolly,Fatima
Mai,Alyssa,Eva,Paige,Antoine,Faye,Beverly,Courtney,Eliza,Lucy,Dolly,Fatima
Mai,Natalie,Autumn,Paige,Antoine,Faye,Avery,Courtney,Eliza,Lucy,Daria,Divya
Mai,Natalie,Eva,Paige,Marie,Skye,Avery,Courtney,Eliza,Willow,Dolly,Divya
Mai,Natalie,Eva,Paige,Antoine,Skye,Beverly,Caitlyn,Peggy,Willow,Daria,Divya
Taylor,Natalie,Autumn,Nora,Marie,Faye,Beverly,Courtney,Peggy,Willow,Dolly,Fatima
Mai,Alyssa,Autumn,Paige,Antoine,Skye,Avery,Caitlyn,Eliza,Willow,Dolly,Fatima
Taylor,Natalie,Eva,Paige,Antoine,Skye,Beverly,Caitlyn,Peggy,Lucy,Dolly,Fatima
Taylor,Alyssa,Eva,Paige,Marie,Faye,Beverly,Courtney,Eliza,Willow,Dolly,Fatima
Taylor,Natalie,Autumn,Nora,Antoine,Skye,Avery,Courtney,Peggy,Lucy,Dolly,Fatima
Taylor,Alyssa,Autumn,Nora,Antoine,Skye,Beverly,Courtney,Eliza,Lucy,Daria,Fatima
Mai,Alyssa,Eva,Nora,Antoine,Skye,Beverly,Caitlyn,Eliza,Lucy,Daria,Fatima
Taylor,Natalie,Autumn,Paige,Antoine,Skye,Avery,Caitlyn,Eliza,Willow,Daria,Divya
Taylor,Alyssa,Eva,Paige,Antoine,Skye,Beverly,Courtney,Eliza,Willow,Daria,Fatima
Mai,Alyssa,Eva,Nora,Marie,Skye,Avery,Courtney,Peggy,Lucy,Dolly,Fatima
Mai,Natalie,Autumn,Nora,Antoine,Skye,Avery,Caitlyn,Peggy,Lucy,Dolly,Divya
Taylor,Alyssa,Eva,Paige,Antoine,Skye,Beverly,Courtney,Eliza,Willow,Dolly,Divya
Mai,Alyssa,Autumn,Paige,Antoine,Skye,Avery,Caitlyn,Peggy,Willow,Dolly,Fatima
Taylor,Alyssa,Autumn,Paige,Marie,Skye,Avery,Caitlyn,Peggy,Lucy,Daria,Divya
Mai,Alyssa,Eva,Nora,Marie,Skye,Avery,Caitlyn,Peggy,Willow,Dolly,Fatima
Taylor,Natalie,Eva,Paige,Antoine,Skye,Beverly,Caitlyn,Peggy,Willow,Daria,Fatima