Select the more realistic one,Select the more realistic one,Select the more realistic one,Select the more realistic one,Select the more realistic one,Select the more realistic one
Autumn,Eliza,Paige,Lucy,Daria,Divya
Eva,Peggy,Paige,Lucy,Daria,Divya
Autumn,Eliza,Paige,Lucy,Daria,Fatima
Eva,Eliza,Nora,Lucy,Dolly,Fatima
Eva,Eliza,Nora,Lucy,Daria,Fatima
Eva,Eliza,Paige,Lucy,Dolly,Fatima
Autumn,Eliza,Paige,Lucy,Daria,Divya
Eva,Eliza,Paige,Lucy,Daria,Divya
Eva,Eliza,Paige,Willow,Dolly,Divya
Autumn,Eliza,Nora,Lucy,Dolly,Fatima
Eva,Peggy,Paige,Willow,Daria,Divya
Autumn,Peggy,Nora,Willow,Dolly,Fatima
Autumn,Eliza,Paige,Willow,Dolly,Fatima
Eva,Peggy,Paige,Lucy,Dolly,Fatima
Eva,Eliza,Paige,Willow,Dolly,Fatima
Autumn,Eliza,Nora,Willow,Dolly,Fatima
Autumn,Peggy,Nora,Lucy,Dolly,Fatima
Autumn,Eliza,Nora,Lucy,Daria,Fatima
Eva,Eliza,Nora,Lucy,Daria,Fatima
Eva,Peggy,Paige,Lucy,Daria,Divya
Autumn,Eliza,Paige,Willow,Daria,Divya
Eva,Peggy,Paige,Willow,Dolly,Fatima
Eva,Eliza,Paige,Willow,Daria,Fatima
Eva,Peggy,Paige,Lucy,Daria,Divya
Eva,Peggy,Nora,Lucy,Dolly,Fatima
Autumn,Peggy,Nora,Lucy,Dolly,Divya
Autumn,Peggy,Paige,Lucy,Dolly,Divya
Eva,Eliza,Paige,Lucy,Daria,Fatima
Eva,Eliza,Paige,Willow,Dolly,Divya
Autumn,Peggy,Paige,Willow,Dolly,Fatima
Autumn,Peggy,Paige,Lucy,Daria,Divya
Eva,Peggy,Nora,Willow,Dolly,Fatima
Eva,Peggy,Paige,Willow,Daria,Fatima
Eva,Eliza,Nora,Willow,Dolly,Divya